File Name,type,rows
2018/180-10131-10322.pdf,multi_record,93;18277
2018/180-10131-10325.pdf,multi_record,94;18279
2018/180-10131-10332.pdf,multi_record,95;18284
2018/180-10131-10338.pdf,multi_record,96;18287
2018/180-10131-10327.pdf,multi_record,97;18280
2018/180-10131-10324.pdf,multi_record,99;18278
2018/docid-32989641.pdf,multi_record,197;198
2018/docid-32989560.pdf,multi_record,200;201;202;203;372
2018/docid-32989640.pdf,multi_record,214;215;216
2018/docid-32989502.pdf,multi_record,217;218
2018/docid-32989749.pdf,multi_record,220;221;222;223;224;225;226;227;228;229;230;231;232;233;234;235;236;237
2018/docid-32989503.pdf,multi_record,238;239;240;241;242;418;419;420
2018/docid-32989570.pdf,multi_record,244;245;246;247;248;249;250;251;18878
2018/docid-32989732.pdf,multi_record,253;254;255;256;257;258;259;260;261;262;263;264;265;266;267;268
2018/docid-32989751.pdf,multi_record,269;270;271;272;273;274;275;276;277;278;279;280;281;282;283;284
2018/docid-32989748.pdf,multi_record,285;286;287;288;289;290;291;292;293;294;295;296;297;298
2018/docid-32989603.pdf,multi_record,300;301;302;303;304;18880;18881
2018/docid-32989587.pdf,multi_record,307;308;309;310;18882
2018/docid-32989595.pdf,multi_record,311;366;367;368;369;370;371;18887
2018/docid-32989750.pdf,multi_record,312;313;314;315;316;317;318;319;320;321;322;323;324;325;326;327;328
2018/docid-32989738.pdf,multi_record,333;334;335;336;337;338;339;340;341;342;343;344;345;346
2018/docid-32989802.pdf,multi_record,348;349;350;351;352;353
2018/docid-32989602.pdf,multi_record,356;357;358;359;360
2018/docid-32989823.pdf,multi_record,361;362;363
2018/docid-32989499.pdf,multi_record,364;365
2018/docid-32989753.pdf,multi_record,373;374;375;376;377;378;379;380;381;382;383;384;385
2018/docid-32989740.pdf,multi_record,386;388;389;390;391;392;393;394;395;396;397;398;399
2018/docid-32989734.pdf,multi_record,400;401;402;403;404;405;406;407;408
2018/docid-32989799.pdf,multi_record,409;410;411
2018/docid-32989817.pdf,multi_record,414;415
2018/docid-32565125.pdf,multi_record,646;815
2018/docid-32989550.pdf,multi_record,1548;1549;1550
2018/docid-32989651.pdf,multi_record,1551;18874
2018/docid-32989626.pdf,multi_record,1575;18907;18908
2018/docid-32989644.pdf,multi_record,1576;1577;1745;1746
2018/docid-32989667.pdf,multi_record,1578;1579;1580;1616;1617
2018/docid-32989532.pdf,multi_record,1581;18921
2018/docid-32989687.pdf,multi_record,1589;1590;1591
2018/docid-32989588.pdf,multi_record,1593;1615;18910;18911;18916
2018/docid-32989609.pdf,multi_record,1594;1595;1596;18917;18918;18919;18920
2018/docid-32989611.pdf,multi_record,1598;1614;18912;18913
2018/docid-32989534.pdf,multi_record,1599;1600;1601;1602;1603;1612;1613
2018/docid-32989562.pdf,multi_record,1604;1605;1606;1607;1608;1609;1610;18915
2018/docid-32989617.pdf,multi_record,1620;1621;1622;1623
2018/docid-32989614.pdf,multi_record,1624;1625;1626;1627;1628;18924;18925
2018/docid-32989612.pdf,multi_record,1629;1630;1631
2018/docid-32989659.pdf,multi_record,1633;1634;1635;1636;1637
2018/docid-32989725.pdf,multi_record,1638;1639;1640;1641
2018/docid-32989554.pdf,multi_record,1644;1645;1646
2018/docid-32989581.pdf,multi_record,1648;1649;1650;1651;1652;1653;1654;1655;1656;1657;1658
2018/docid-32989768.pdf,multi_record,1660;1662;1663;1664;1665
2018/docid-32989713.pdf,multi_record,1666;1667;1668
2018/docid-32989653.pdf,multi_record,1671;1672;1673;1674
2018/docid-32989618.pdf,multi_record,1675;1731;1732
2018/docid-32989536.pdf,multi_record,1677;1678
2018/docid-32989578.pdf,multi_record,1679;1680;1681;1682;1725;1730
2018/docid-32989745.pdf,multi_record,1684;1685;1686;1687;1688;1689;1690;1691;1692;1693;1694;1695;1696;1697
2018/docid-32989591.pdf,multi_record,1702;1703;1704;1705;1706;1707;1708;1709;1727;1728;1729
2018/docid-32989797.pdf,multi_record,1710;1711;1712;1713;1714;1715;1716;1717;1718;1719;1720
2018/docid-32989606.pdf,multi_record,1726;1744;18922;18923;18934
2018/233-jfk-000443-tape1-s1.mp3,multi_record,2925;2927
2018/233-jfk-000443-tape2-s2.mp3,multi_record,2926;2928
2018/124-10188-10363,multi_record,16800;16802
124-10188-10365_00.pdf,multi_record,16801;16803
2018/124-10190-10078,multi_record,16805;17047
124-10273-10088_00.pdf,multi_record,16806;17048
2018/180-10110-10017.pdf,suspect_addinfo,18253;19050
2018/180-10128-10002.pdf,suspect_addinfo,18276;19051
docid-32157934.pdf,suspect_addinfo,20489;51645
docid-32285903.pdf,suspect_addinfo,20499;23948
docid-32286640.pdf,suspect_addinfo,20530;24159
docid-32289260.pdf,suspect_addinfo,20603;24807
docid-32289261.pdf,suspect_addinfo,20604;24808
docid-32289262.pdf,suspect_addinfo,20605;24809
docid-32289264.pdf,multi_record,20606;21405;24810
docid-32289265.pdf,suspect_addinfo,20607;24811
docid-32289266.pdf,suspect_addinfo,20608;24812
docid-32289267.pdf,suspect_addinfo,20609;24813
docid-32289274.pdf,suspect_addinfo,20612;24814
docid-32289276.pdf,suspect_addinfo,20613;24815
docid-32289282.pdf,suspect_addinfo,20614;24816
docid-32289283.pdf,suspect_addinfo,20615;24817
docid-32289289.pdf,suspect_addinfo,20616;24819
docid-32289291.pdf,suspect_addinfo,20617;24820
docid-32289292.pdf,suspect_addinfo,20618;24821
docid-32289296.pdf,suspect_addinfo,20619;24822
docid-32293475.pdf,suspect_addinfo,20758;25909
docid-32298699.pdf,suspect_addinfo,20884;27010
docid-32298700.pdf,suspect_addinfo,20885;27011
docid-32298717.pdf,suspect_addinfo,20886;27012
docid-32298718.pdf,suspect_addinfo,20887;27013
docid-32298726.pdf,suspect_addinfo,20888;27014
docid-32298728.pdf,suspect_addinfo,20889;27015
docid-32298758.pdf,suspect_addinfo,20897;27019
docid-32316424.pdf,suspect_addinfo,21120;30131
docid-32317516.pdf,suspect_addinfo,21151;30279
docid-32325224.pdf,suspect_addinfo,21216;31930
docid-32325233.pdf,suspect_addinfo,21217;31931
docid-32144601.pdf,suspect_addinfo,21402;51605
docid-32298723.pdf,suspect_addinfo,21403;52302
docid-32298724.pdf,suspect_addinfo,21404;52303
docid-32585200.pdf,suspect_addinfo,21406;22486
docid-32300193.pdf,suspect_addinfo,21407;48864
docid-32298706.pdf,suspect_addinfo,21408;48818
docid-32328855.pdf,suspect_addinfo,21409;52778
docid-32989481.pdf,multi_record,21415;21416
docid-32989487.pdf,multi_record,21422;21423;21424
docid-32989489.pdf,multi_record,21425;21426;21427
docid-32989496.pdf,multi_record,21431;21432;21433;21434
docid-32989499.pdf,multi_record,21437;21438
docid-32989502.pdf,multi_record,21441;21442
docid-32989503.pdf,multi_record,21443;21444;21445;21446;21447;21448;21449;21450;21451
docid-32989509.pdf,multi_record,21455;21456
docid-32989510.pdf,multi_record,21457;21458
docid-32989512.pdf,multi_record,21460;21461;21462
docid-32989513.pdf,multi_record,21463;21464;21465
docid-32989519.pdf,multi_record,21471;21472
docid-32989520.pdf,multi_record,21473;21474
docid-32989522.pdf,multi_record,21475;21476
docid-32989532.pdf,multi_record,21486;21487
docid-32989534.pdf,multi_record,21489;21490;21491;21492;21493;21494;21495;21496;21497
docid-32989536.pdf,multi_record,21498;21499;21500;21501;21502
docid-32989542.pdf,multi_record,21507;21508;21509;21510;21511;21512;21513;21514
docid-32989549.pdf,multi_record,21521;21522
docid-32989550.pdf,multi_record,21523;21524;21525;21526;21527
docid-32989554.pdf,multi_record,21531;21532;21533;21534;21535;21536
docid-32989556.pdf,multi_record,21538;21539;21540;21541
docid-32989558.pdf,multi_record,21543;21544;21545;21546;21547;21548;21549;21550
docid-32989560.pdf,multi_record,21552;21553;21554;21555;21556;21557
docid-32989561.pdf,multi_record,21558;21559
docid-32989562.pdf,multi_record,21560;21561;21562;21563;21564;21565;21566;21567
docid-32989570.pdf,multi_record,21572;21573;21574;21575;21576;21577;21578;21579;21580
docid-32989575.pdf,multi_record,21585;21586;21587;21588;21589;21590;21591;21592;21593
docid-32989576.pdf,multi_record,21594;21595
docid-32989578.pdf,multi_record,21597;21598;21599;21600;21601;21602;21603;21604
docid-32989581.pdf,multi_record,21607;21608;21609;21610;21611;21612;21613;21614;21615;21616;21617
docid-32989587.pdf,multi_record,21623;21624;21625;21626;21627;21628
docid-32989588.pdf,multi_record,21629;21630;21631;21632;21633;21634
docid-32989589.pdf,multi_record,21635;21636;21637;21638;21639;21640;21641;21642;21643;21644;21645;21646;21647;21648
docid-32989591.pdf,multi_record,21650;21651;21652;21653;21654;21655;21656;21657;21658;21659;21660
docid-32989593.pdf,multi_record,21662;21663;21664;21665;21666;21667;21668;21669
docid-32989594.pdf,multi_record,21670;21671;21672;21673;21674;21675;21676
docid-32989595.pdf,multi_record,21677;21678;21679;21680;21681;21682;21683;21684;21685
docid-32989601.pdf,multi_record,21690;23239
docid-32989602.pdf,multi_record,21691;21692;21693;21694;21695;21696;21697
docid-32989603.pdf,multi_record,21698;21699;21700;21701;21702;21703;21704;21705;21706;21707
docid-32989606.pdf,multi_record,21710;21711;21712;21713;21714;21715;21716;21717;21718;21719
docid-32989609.pdf,multi_record,21722;21723;21724;21725;21726;21727;21728;21729;21730
docid-32989611.pdf,multi_record,21731;21732;21733;21734;21735;21736
docid-32989612.pdf,multi_record,21737;21738;21739;21740;21741
docid-32989614.pdf,multi_record,21743;21744;21745;21746;21747;21748;21749;21750
docid-32989617.pdf,multi_record,21753;21754;21755;21756;21757;21758
docid-32989618.pdf,multi_record,21759;21760;21761;21762;21763
docid-32989623.pdf,multi_record,21767;21768;21769
docid-32989624.pdf,multi_record,21770;21771
docid-32989626.pdf,multi_record,21773;21774;21775
docid-32989627.pdf,multi_record,21776;21777;21778
docid-32989628.pdf,multi_record,21779;21780;21781
docid-32989640.pdf,multi_record,21792;21793;21794;21795
docid-32989641.pdf,multi_record,21796;21797
docid-32989644.pdf,multi_record,21800;21801;21802;21803;21804
docid-32989653.pdf,multi_record,21811;21812;21813;21814;21815;21816;21817
docid-32989659.pdf,multi_record,21821;21822;21823;21824;21825;21826;21827;21828;21829;21830
docid-32989663.pdf,multi_record,21833;21834;21835;21836
docid-32989667.pdf,multi_record,21840;21841;21842;21843;21844;21845
docid-32989673.pdf,multi_record,21851;21852;21853;21854
docid-32989677.pdf,multi_record,21858;21859;21860;21861;21862;21863
docid-32989684.pdf,multi_record,21870;21871
docid-32989687.pdf,multi_record,21874;21875;21876
docid-32989711.pdf,multi_record,21898;21899
docid-32989713.pdf,multi_record,21901;21902;21903
docid-32989717.pdf,multi_record,21907;21908
docid-32989725.pdf,multi_record,21916;21917;21918;21919;21920
docid-32989730.pdf,multi_record,21925;21926;21927;21928;21929;21930;21931;21932;21933;21934;21935;21936;21937;21938;21939;21940;21941;21942;21943;21944
docid-32989732.pdf,multi_record,21946;21947;21948;21949;21950;21951;21952;21953;21954;21955;21956;21957;21958;21959;21960;21961;21962
docid-32989733.pdf,multi_record,21963;21964;21965;21966;21967
docid-32989734.pdf,multi_record,21968;21969;21970;21971;21972;21973;21974;21975;21976
docid-32989735.pdf,multi_record,21977;21978;21979;21980;21981;21982;21983;21984;21985;21986;21987;21988;21989
docid-32989736.pdf,multi_record,21990;21991;21992;21993;21994;21995;21996;21997;21998;21999;22000
docid-32989737.pdf,multi_record,22001;22002;22003;22004;22005;22006;22007;22008;22009
docid-32989738.pdf,multi_record,22010;22011;22012;22013;22014;22015;22016;22017;22018;22019;22020;22021;22022;22023;22024
docid-32989739.pdf,multi_record,22025;22026;22027;22028;22029;22030;22031;22032;22033;22034;22035;22036;22037
docid-32989740.pdf,multi_record,22038;22039;22040;22041;22042;22043;22044;22045;22046;22047;22048;22049;22050
docid-32989741.pdf,multi_record,22051;22052;22053;22054;22055;22056;22057;22058;22059;22060;22061;22062;22063;22064;22065
docid-32989742.pdf,multi_record,22066;22067;22068;22069;22070;22071;22072;22073;22074;22075;22076;22077;22078;22079;22080;22081
docid-32989743.pdf,multi_record,22082;22083;22084;22085;22086;22087;22088;22089;22090;22091;22092;22093;22094;22095;22096
docid-32989745.pdf,multi_record,22098;22099;22100;22101;22102;22103;22104;22105;22106;22107;22108;22109;22110;22111;22112
docid-32989746.pdf,multi_record,22113;22114;22115
docid-32989747.pdf,multi_record,22116;22117
docid-32989748.pdf,multi_record,22118;22119;22120;22121;22122;22123;22124;22125;22126;22127;22128;22129;22130;22131
docid-32989749.pdf,multi_record,22132;22133;22134;22135;22136;22137;22138;22139;22140;22141;22142;22143;22144;22145;22146;22147;22148;22149;22150;22151;22152;22153;22154;22155
docid-32989750.pdf,multi_record,22156;22157;22158;22159;22160;22161;22162;22163;22164;22165;22166;22167;22168;22169;22170;22171;22172;22173
docid-32989751.pdf,multi_record,22174;22175;22176;22177;22178;22179;22180;22181;22182;22183;22184;22185;22186;22187;22188;22189;22190;22191
docid-32989752.pdf,multi_record,22192;22193;22194;22195;22196;22197;22198;22199;22200;22201;22202;22203;22204;22205;22206;22207;22208
docid-32989753.pdf,multi_record,22209;22210;22211;22212;22213;22214;22215;22216;22217;22218;22219;22220;22221;22222
docid-32989754.pdf,multi_record,22223;22224;22225;22226;22227;22228;22229;22230;22231;22232;22233;22234;22235;22236;22237;23270
docid-32989764.pdf,multi_record,22247;22248;22249;22250;22251;22252;22253
docid-32989765.pdf,multi_record,22254;22255
docid-32989768.pdf,multi_record,22258;22259;22260;22261;22262
docid-32989771.pdf,multi_record,22265;22266
docid-32989772.pdf,multi_record,22267;22268;22269
docid-32989773.pdf,multi_record,22270;22271;22272;22273;22274;22275;22276;22277;22278
docid-32989774.pdf,multi_record,22279;22280
docid-32989776.pdf,multi_record,22282;22283;22284
docid-32989778.pdf,multi_record,22286;22287;22288;22289
docid-32989780.pdf,multi_record,22291;22292
docid-32989785.pdf,multi_record,22297;22298;22299
docid-32989786.pdf,multi_record,22300;23271
docid-32989787.pdf,multi_record,22301;22302;22303;22304
docid-32989791.pdf,multi_record,22308;22309
docid-32989793.pdf,multi_record,22311;22312
docid-32989796.pdf,multi_record,22315;22316
docid-32989797.pdf,multi_record,22317;22318;22319;22320;22321;22322;22323;22324;22325;22326;22327;22328
docid-32989798.pdf,multi_record,22329;22330
docid-32989799.pdf,multi_record,22331;22332;22333;22334;22335
docid-32989801.pdf,multi_record,22337;22338
docid-32989802.pdf,multi_record,22339;22340;22341;22342;22343;23272
docid-32989803.pdf,multi_record,22344;22345
docid-32989813.pdf,multi_record,22352;22353;22354
docid-32989816.pdf,multi_record,22357;22358;22359;22360
docid-32989817.pdf,multi_record,22361;22362
docid-32989819.pdf,multi_record,22364;22365;22366;22367;22368;22369;22370;22371;22372;22373;22374
docid-32989820.pdf,multi_record,22375;22376;22377
docid-32989823.pdf,multi_record,22379;22380;22381
docid-32989825.pdf,multi_record,22383;22384;22385;22386;22387;22388;22389;22390;22391;22392;22393;22394
docid-32989829.pdf,multi_record,22398;22399;22400;22401
docid-32989831.pdf,multi_record,22403;22404
docid-32989836.pdf,multi_record,22408;22409;22410
docid-32567968.pdf,suspect_addinfo,22458;50598
docid-32567994.pdf,suspect_addinfo,22459;50599
docid-32567995.pdf,suspect_addinfo,22460;50600
docid-32567996.pdf,suspect_addinfo,22461;50601
docid-32262411.pdf,suspect_addinfo,22899;50777
docid-32262419.pdf,suspect_addinfo,22900;50779
docid-32281842.pdf,identical,22911;23006
62-bf-2707-13-15.pdf,multi_record,23116;23117
docid-32289285.pdf,suspect_addinfo,23182;24818
docid-32304338.pdf,suspect_addinfo,23197;49049
docid-32334029.pdf,suspect_addinfo,23224;50068
docid-32570769.pdf,multi_record,23237;50638
docid-32989488.pdf,multi_record,23242;23243;23244
docid-32989521.pdf,multi_record,23248;23249;23250
docid-32989565.pdf,multi_record,23252;23253;23254;23255;23256;23257;23258;23259;23260;23261;23262;23263;23264
jbpp-001-002.pdf,multi_record,23277;23278;23279;23280;23281;23282;23283;23284;23285;23286;23287;23288;23289;23290;23291;23292;23293;23294;23295;23296;23297;23298;23299;23300;23301
104-10227-10083.pdf,multi_record,44233;51341
104-10196-10330.pdf,suspect_addinfo,47527;54228
104-10210-10036.pdf,suspect_addinfo,47536;54240
104-10211-10112.pdf,suspect_addinfo,47543;54244
104-10230-10078.pdf,suspect_addinfo,47654;54302
104-10230-10088.pdf,suspect_addinfo,47655;54308
104-10230-10104.pdf,suspect_addinfo,47656;54316
104-10230-10139.pdf,suspect_addinfo,47659;54333
104-10231-10031.pdf,multi_record,47670;54359
104-10519-10108.pdf,suspect_addinfo,47808;54435
104-10533-10013.pdf,suspect_addinfo,47810;54445
